prd_id,prd_key,prd_nm,prd_cost,prd_line,prd_start_dt,prd_end_dt,cat_key,prd_subkey,ID,CAT,SUBCAT,MAINTENANCE
210,CO-RF-FR-R92B-58,HL ROAD FRAME - BLACK- 58,0.0,R,2003-07-01,UNKNOWN,CO_RF,FR-R92B-58,CO_RF,COMPONENTS,ROAD FRAMES,YES
211,CO-RF-FR-R92R-58,HL ROAD FRAME - RED- 58,0.0,R,2003-07-01,UNKNOWN,CO_RF,FR-R92R-58,CO_RF,COMPONENTS,ROAD FRAMES,YES
212,AC-HE-HL-U509-R,SPORT-100 HELMET- RED,12.0,S,2011-07-01,2007-12-28,AC_HE,HL-U509-R,AC_HE,ACCESSORIES,HELMETS,YES
213,AC-HE-HL-U509-R,SPORT-100 HELMET- RED,14.0,S,2012-07-01,2008-12-27,AC_HE,HL-U509-R,AC_HE,ACCESSORIES,HELMETS,YES
214,AC-HE-HL-U509-R,SPORT-100 HELMET- RED,13.0,S,2013-07-01,UNKNOWN,AC_HE,HL-U509-R,AC_HE,ACCESSORIES,HELMETS,YES
215,AC-HE-HL-U509,SPORT-100 HELMET- BLACK,12.0,S,2011-07-01,2007-12-28,AC_HE,HL-U509,AC_HE,ACCESSORIES,HELMETS,YES
216,AC-HE-HL-U509,SPORT-100 HELMET- BLACK,14.0,S,2012-07-01,2008-12-27,AC_HE,HL-U509,AC_HE,ACCESSORIES,HELMETS,YES
217,AC-HE-HL-U509,SPORT-100 HELMET- BLACK,13.0,S,2013-07-01,UNKNOWN,AC_HE,HL-U509,AC_HE,ACCESSORIES,HELMETS,YES
218,CL-SO-SO-B909-M,MOUNTAIN BIKE SOCKS- M,3.0,M,2011-07-01,2007-12-28,CL_SO,SO-B909-M,CL_SO,CLOTHING,SOCKS,NO
219,CL-SO-SO-B909-L,MOUNTAIN BIKE SOCKS- L,3.0,M,2011-07-01,2007-12-28,CL_SO,SO-B909-L,CL_SO,CLOTHING,SOCKS,NO
220,AC-HE-HL-U509-B,SPORT-100 HELMET- BLUE,12.0,S,2011-07-01,2007-12-28,AC_HE,HL-U509-B,AC_HE,ACCESSORIES,HELMETS,YES
221,AC-HE-HL-U509-B,SPORT-100 HELMET- BLUE,14.0,S,2012-07-01,2008-12-27,AC_HE,HL-U509-B,AC_HE,ACCESSORIES,HELMETS,YES
222,AC-HE-HL-U509-B,SPORT-100 HELMET- BLUE,13.0,S,2013-07-01,UNKNOWN,AC_HE,HL-U509-B,AC_HE,ACCESSORIES,HELMETS,YES
223,CL-CA-CA-1098,AWC LOGO CAP,6.0,S,2011-07-01,2007-12-28,CL_CA,CA-1098,CL_CA,CLOTHING,CAPS,NO
224,CL-CA-CA-1098,AWC LOGO CAP,5.0,S,2012-07-01,2008-12-27,CL_CA,CA-1098,CL_CA,CLOTHING,CAPS,NO
225,CL-CA-CA-1098,AWC LOGO CAP,7.0,S,2013-07-01,UNKNOWN,CL_CA,CA-1098,CL_CA,CLOTHING,CAPS,NO
226,CL-JE-LJ-0192-S,LONG-SLEEVE LOGO JERSEY- S,32.0,S,2011-07-01,2007-12-28,CL_JE,LJ-0192-S,CL_JE,CLOTHING,JERSEYS,NO
227,CL-JE-LJ-0192-S,LONG-SLEEVE LOGO JERSEY- S,29.0,S,2012-07-01,2008-12-27,CL_JE,LJ-0192-S,CL_JE,CLOTHING,JERSEYS,NO
228,CL-JE-LJ-0192-S,LONG-SLEEVE LOGO JERSEY- S,38.0,S,2013-07-01,UNKNOWN,CL_JE,LJ-0192-S,CL_JE,CLOTHING,JERSEYS,NO
229,CL-JE-LJ-0192-M,LONG-SLEEVE LOGO JERSEY- M,32.0,S,2011-07-01,2007-12-28,CL_JE,LJ-0192-M,CL_JE,CLOTHING,JERSEYS,NO
230,CL-JE-LJ-0192-M,LONG-SLEEVE LOGO JERSEY- M,29.0,S,2012-07-01,2008-12-27,CL_JE,LJ-0192-M,CL_JE,CLOTHING,JERSEYS,NO
231,CL-JE-LJ-0192-M,LONG-SLEEVE LOGO JERSEY- M,38.0,S,2013-07-01,UNKNOWN,CL_JE,LJ-0192-M,CL_JE,CLOTHING,JERSEYS,NO
232,CL-JE-LJ-0192-L,LONG-SLEEVE LOGO JERSEY- L,32.0,S,2011-07-01,2007-12-28,CL_JE,LJ-0192-L,CL_JE,CLOTHING,JERSEYS,NO
233,CL-JE-LJ-0192-L,LONG-SLEEVE LOGO JERSEY- L,29.0,S,2012-07-01,2008-12-27,CL_JE,LJ-0192-L,CL_JE,CLOTHING,JERSEYS,NO
234,CL-JE-LJ-0192-L,LONG-SLEEVE LOGO JERSEY- L,38.0,S,2013-07-01,UNKNOWN,CL_JE,LJ-0192-L,CL_JE,CLOTHING,JERSEYS,NO
235,CL-JE-LJ-0192-X,LONG-SLEEVE LOGO JERSEY- XL,32.0,S,2011-07-01,2007-12-28,CL_JE,LJ-0192-X,CL_JE,CLOTHING,JERSEYS,NO
236,CL-JE-LJ-0192-X,LONG-SLEEVE LOGO JERSEY- XL,29.0,S,2012-07-01,2008-12-27,CL_JE,LJ-0192-X,CL_JE,CLOTHING,JERSEYS,NO
237,CL-JE-LJ-0192-X,LONG-SLEEVE LOGO JERSEY- XL,38.0,S,2013-07-01,UNKNOWN,CL_JE,LJ-0192-X,CL_JE,CLOTHING,JERSEYS,NO
238,CO-RF-FR-R92R-62,HL ROAD FRAME - RED- 62,748.0,R,2011-07-01,2007-12-28,CO_RF,FR-R92R-62,CO_RF,COMPONENTS,ROAD FRAMES,YES
239,CO-RF-FR-R92R-62,HL ROAD FRAME - RED- 62,722.0,R,2012-07-01,2008-12-27,CO_RF,FR-R92R-62,CO_RF,COMPONENTS,ROAD FRAMES,YES
240,CO-RF-FR-R92R-62,HL ROAD FRAME - RED- 62,869.0,R,2013-07-01,UNKNOWN,CO_RF,FR-R92R-62,CO_RF,COMPONENTS,ROAD FRAMES,YES
241,CO-RF-FR-R92R-44,HL ROAD FRAME - RED- 44,748.0,R,2011-07-01,2007-12-28,CO_RF,FR-R92R-44,CO_RF,COMPONENTS,ROAD FRAMES,YES
242,CO-RF-FR-R92R-44,HL ROAD FRAME - RED- 44,722.0,R,2012-07-01,2008-12-27,CO_RF,FR-R92R-44,CO_RF,COMPONENTS,ROAD FRAMES,YES
243,CO-RF-FR-R92R-44,HL ROAD FRAME - RED- 44,869.0,R,2013-07-01,UNKNOWN,CO_RF,FR-R92R-44,CO_RF,COMPONENTS,ROAD FRAMES,YES
244,CO-RF-FR-R92R-48,HL ROAD FRAME - RED- 48,748.0,R,2011-07-01,2007-12-28,CO_RF,FR-R92R-48,CO_RF,COMPONENTS,ROAD FRAMES,YES
245,CO-RF-FR-R92R-48,HL ROAD FRAME - RED- 48,722.0,R,2012-07-01,2008-12-27,CO_RF,FR-R92R-48,CO_RF,COMPONENTS,ROAD FRAMES,YES
246,CO-RF-FR-R92R-48,HL ROAD FRAME - RED- 48,869.0,R,2013-07-01,UNKNOWN,CO_RF,FR-R92R-48,CO_RF,COMPONENTS,ROAD FRAMES,YES
247,CO-RF-FR-R92R-52,HL ROAD FRAME - RED- 52,748.0,R,2011-07-01,2007-12-28,CO_RF,FR-R92R-52,CO_RF,COMPONENTS,ROAD FRAMES,YES
248,CO-RF-FR-R92R-52,HL ROAD FRAME - RED- 52,722.0,R,2012-07-01,2008-12-27,CO_RF,FR-R92R-52,CO_RF,COMPONENTS,ROAD FRAMES,YES
249,CO-RF-FR-R92R-52,HL ROAD FRAME - RED- 52,869.0,R,2013-07-01,UNKNOWN,CO_RF,FR-R92R-52,CO_RF,COMPONENTS,ROAD FRAMES,YES
250,CO-RF-FR-R92R-56,HL ROAD FRAME - RED- 56,748.0,R,2011-07-01,2007-12-28,CO_RF,FR-R92R-56,CO_RF,COMPONENTS,ROAD FRAMES,YES
251,CO-RF-FR-R92R-56,HL ROAD FRAME - RED- 56,722.0,R,2012-07-01,2008-12-27,CO_RF,FR-R92R-56,CO_RF,COMPONENTS,ROAD FRAMES,YES
252,CO-RF-FR-R92R-56,HL ROAD FRAME - RED- 56,869.0,R,2013-07-01,UNKNOWN,CO_RF,FR-R92R-56,CO_RF,COMPONENTS,ROAD FRAMES,YES
253,CO-RF-FR-R38B-58,LL ROAD FRAME - BLACK- 58,176.0,R,2011-07-01,2007-12-28,CO_RF,FR-R38B-58,CO_RF,COMPONENTS,ROAD FRAMES,YES
254,CO-RF-FR-R38B-58,LL ROAD FRAME - BLACK- 58,170.0,R,2012-07-01,2008-12-27,CO_RF,FR-R38B-58,CO_RF,COMPONENTS,ROAD FRAMES,YES
255,CO-RF-FR-R38B-58,LL ROAD FRAME - BLACK- 58,205.0,R,2013-07-01,UNKNOWN,CO_RF,FR-R38B-58,CO_RF,COMPONENTS,ROAD FRAMES,YES
256,CO-RF-FR-R38B-60,LL ROAD FRAME - BLACK- 60,176.0,R,2011-07-01,2007-12-28,CO_RF,FR-R38B-60,CO_RF,COMPONENTS,ROAD FRAMES,YES
257,CO-RF-FR-R38B-60,LL ROAD FRAME - BLACK- 60,170.0,R,2012-07-01,2008-12-27,CO_RF,FR-R38B-60,CO_RF,COMPONENTS,ROAD FRAMES,YES
258,CO-RF-FR-R38B-60,LL ROAD FRAME - BLACK- 60,205.0,R,2013-07-01,UNKNOWN,CO_RF,FR-R38B-60,CO_RF,COMPONENTS,ROAD FRAMES,YES
259,CO-RF-FR-R38B-62,LL ROAD FRAME - BLACK- 62,176.0,R,2011-07-01,2007-12-28,CO_RF,FR-R38B-62,CO_RF,COMPONENTS,ROAD FRAMES,YES
260,CO-RF-FR-R38B-62,LL ROAD FRAME - BLACK- 62,170.0,R,2012-07-01,2008-12-27,CO_RF,FR-R38B-62,CO_RF,COMPONENTS,ROAD FRAMES,YES
261,CO-RF-FR-R38B-62,LL ROAD FRAME - BLACK- 62,205.0,R,2013-07-01,UNKNOWN,CO_RF,FR-R38B-62,CO_RF,COMPONENTS,ROAD FRAMES,YES
262,CO-RF-FR-R38R-44,LL ROAD FRAME - RED- 44,181.0,R,2011-07-01,2007-12-28,CO_RF,FR-R38R-44,CO_RF,COMPONENTS,ROAD FRAMES,YES
263,CO-RF-FR-R38R-44,LL ROAD FRAME - RED- 44,187.0,R,2012-07-01,2008-12-27,CO_RF,FR-R38R-44,CO_RF,COMPONENTS,ROAD FRAMES,YES
264,CO-RF-FR-R38R-48,LL ROAD FRAME - RED- 48,181.0,R,2011-07-01,2007-12-28,CO_RF,FR-R38R-48,CO_RF,COMPONENTS,ROAD FRAMES,YES
265,CO-RF-FR-R38R-48,LL ROAD FRAME - RED- 48,187.0,R,2012-07-01,2008-12-27,CO_RF,FR-R38R-48,CO_RF,COMPONENTS,ROAD FRAMES,YES
266,CO-RF-FR-R38R-52,LL ROAD FRAME - RED- 52,181.0,R,2011-07-01,2007-12-28,CO_RF,FR-R38R-52,CO_RF,COMPONENTS,ROAD FRAMES,YES
267,CO-RF-FR-R38R-52,LL ROAD FRAME - RED- 52,187.0,R,2012-07-01,2008-12-27,CO_RF,FR-R38R-52,CO_RF,COMPONENTS,ROAD FRAMES,YES
268,CO-RF-FR-R38R-58,LL ROAD FRAME - RED- 58,181.0,R,2011-07-01,2007-12-28,CO_RF,FR-R38R-58,CO_RF,COMPONENTS,ROAD FRAMES,YES
269,CO-RF-FR-R38R-58,LL ROAD FRAME - RED- 58,187.0,R,2012-07-01,2008-12-27,CO_RF,FR-R38R-58,CO_RF,COMPONENTS,ROAD FRAMES,YES
270,CO-RF-FR-R38R-60,LL ROAD FRAME - RED- 60,181.0,R,2011-07-01,2007-12-28,CO_RF,FR-R38R-60,CO_RF,COMPONENTS,ROAD FRAMES,YES
271,CO-RF-FR-R38R-60,LL ROAD FRAME - RED- 60,187.0,R,2012-07-01,2008-12-27,CO_RF,FR-R38R-60,CO_RF,COMPONENTS,ROAD FRAMES,YES
272,CO-RF-FR-R38R-62,LL ROAD FRAME - RED- 62,181.0,R,2011-07-01,2007-12-28,CO_RF,FR-R38R-62,CO_RF,COMPONENTS,ROAD FRAMES,YES
273,CO-RF-FR-R38R-62,LL ROAD FRAME - RED- 62,187.0,R,2012-07-01,2008-12-27,CO_RF,FR-R38R-62,CO_RF,COMPONENTS,ROAD FRAMES,YES
274,CO-RF-FR-R72R-44,ML ROAD FRAME - RED- 44,352.0,R,2011-07-01,2007-12-28,CO_RF,FR-R72R-44,CO_RF,COMPONENTS,ROAD FRAMES,YES
275,CO-RF-FR-R72R-48,ML ROAD FRAME - RED- 48,352.0,R,2011-07-01,2007-12-28,CO_RF,FR-R72R-48,CO_RF,COMPONENTS,ROAD FRAMES,YES
276,CO-RF-FR-R72R-52,ML ROAD FRAME - RED- 52,352.0,R,2011-07-01,2007-12-28,CO_RF,FR-R72R-52,CO_RF,COMPONENTS,ROAD FRAMES,YES
277,CO-RF-FR-R72R-58,ML ROAD FRAME - RED- 58,352.0,R,2011-07-01,2007-12-28,CO_RF,FR-R72R-58,CO_RF,COMPONENTS,ROAD FRAMES,YES
278,CO-RF-FR-R72R-60,ML ROAD FRAME - RED- 60,352.0,R,2011-07-01,2007-12-28,CO_RF,FR-R72R-60,CO_RF,COMPONENTS,ROAD FRAMES,YES
279,CO-RF-FR-R38B-44,LL ROAD FRAME - BLACK- 44,176.0,R,2011-07-01,2007-12-28,CO_RF,FR-R38B-44,CO_RF,COMPONENTS,ROAD FRAMES,YES
280,CO-RF-FR-R38B-44,LL ROAD FRAME - BLACK- 44,170.0,R,2012-07-01,2008-12-27,CO_RF,FR-R38B-44,CO_RF,COMPONENTS,ROAD FRAMES,YES
281,CO-RF-FR-R38B-44,LL ROAD FRAME - BLACK- 44,205.0,R,2013-07-01,UNKNOWN,CO_RF,FR-R38B-44,CO_RF,COMPONENTS,ROAD FRAMES,YES
282,CO-RF-FR-R38B-48,LL ROAD FRAME - BLACK- 48,176.0,R,2011-07-01,2007-12-28,CO_RF,FR-R38B-48,CO_RF,COMPONENTS,ROAD FRAMES,YES
283,CO-RF-FR-R38B-48,LL ROAD FRAME - BLACK- 48,170.0,R,2012-07-01,2008-12-27,CO_RF,FR-R38B-48,CO_RF,COMPONENTS,ROAD FRAMES,YES
284,CO-RF-FR-R38B-48,LL ROAD FRAME - BLACK- 48,205.0,R,2013-07-01,UNKNOWN,CO_RF,FR-R38B-48,CO_RF,COMPONENTS,ROAD FRAMES,YES
285,CO-RF-FR-R38B-52,LL ROAD FRAME - BLACK- 52,176.0,R,2011-07-01,2007-12-28,CO_RF,FR-R38B-52,CO_RF,COMPONENTS,ROAD FRAMES,YES
286,CO-RF-FR-R38B-52,LL ROAD FRAME - BLACK- 52,170.0,R,2012-07-01,2008-12-27,CO_RF,FR-R38B-52,CO_RF,COMPONENTS,ROAD FRAMES,YES
287,CO-RF-FR-R38B-52,LL ROAD FRAME - BLACK- 52,205.0,R,2013-07-01,UNKNOWN,CO_RF,FR-R38B-52,CO_RF,COMPONENTS,ROAD FRAMES,YES
288,CO-MF-FR-M94S-42,HL MOUNTAIN FRAME - SILVER- 42,624.0,M,2011-07-01,2007-12-28,CO_MF,FR-M94S-42,CO_MF,COMPONENTS,MOUNTAIN FRAMES,YES
289,CO-MF-FR-M94S-42,HL MOUNTAIN FRAME - SILVER- 42,661.0,M,2012-07-01,2008-12-27,CO_MF,FR-M94S-42,CO_MF,COMPONENTS,MOUNTAIN FRAMES,YES
290,CO-MF-FR-M94S-42,HL MOUNTAIN FRAME - SILVER- 42,747.0,M,2013-07-01,UNKNOWN,CO_MF,FR-M94S-42,CO_MF,COMPONENTS,MOUNTAIN FRAMES,YES
291,CO-MF-FR-M94S-44,HL MOUNTAIN FRAME - SILVER- 44,707.0,M,2011-07-01,2007-12-28,CO_MF,FR-M94S-44,CO_MF,COMPONENTS,MOUNTAIN FRAMES,YES
292,CO-MF-FR-M94S-52,HL MOUNTAIN FRAME - SILVER- 48,707.0,M,2011-07-01,2007-12-28,CO_MF,FR-M94S-52,CO_MF,COMPONENTS,MOUNTAIN FRAMES,YES
293,CO-MF-FR-M94S-46,HL MOUNTAIN FRAME - SILVER- 46,624.0,M,2011-07-01,2007-12-28,CO_MF,FR-M94S-46,CO_MF,COMPONENTS,MOUNTAIN FRAMES,YES
294,CO-MF-FR-M94S-46,HL MOUNTAIN FRAME - SILVER- 46,661.0,M,2012-07-01,2008-12-27,CO_MF,FR-M94S-46,CO_MF,COMPONENTS,MOUNTAIN FRAMES,YES
295,CO-MF-FR-M94S-46,HL MOUNTAIN FRAME - SILVER- 46,747.0,M,2013-07-01,UNKNOWN,CO_MF,FR-M94S-46,CO_MF,COMPONENTS,MOUNTAIN FRAMES,YES
296,CO-MF-FR-M94B-42,HL MOUNTAIN FRAME - BLACK- 42,617.0,M,2011-07-01,2007-12-28,CO_MF,FR-M94B-42,CO_MF,COMPONENTS,MOUNTAIN FRAMES,YES
297,CO-MF-FR-M94B-42,HL MOUNTAIN FRAME - BLACK- 42,654.0,M,2012-07-01,2008-12-27,CO_MF,FR-M94B-42,CO_MF,COMPONENTS,MOUNTAIN FRAMES,YES
298,CO-MF-FR-M94B-42,HL MOUNTAIN FRAME - BLACK- 42,739.0,M,2013-07-01,UNKNOWN,CO_MF,FR-M94B-42,CO_MF,COMPONENTS,MOUNTAIN FRAMES,YES
299,CO-MF-FR-M94B-44,HL MOUNTAIN FRAME - BLACK- 44,699.0,M,2011-07-01,2007-12-28,CO_MF,FR-M94B-44,CO_MF,COMPONENTS,MOUNTAIN FRAMES,YES
300,CO-MF-FR-M94B-48,HL MOUNTAIN FRAME - BLACK- 48,699.0,M,2011-07-01,2007-12-28,CO_MF,FR-M94B-48,CO_MF,COMPONENTS,MOUNTAIN FRAMES,YES
301,CO-MF-FR-M94B-46,HL MOUNTAIN FRAME - BLACK- 46,617.0,M,2011-07-01,2007-12-28,CO_MF,FR-M94B-46,CO_MF,COMPONENTS,MOUNTAIN FRAMES,YES
302,CO-MF-FR-M94B-46,HL MOUNTAIN FRAME - BLACK- 46,654.0,M,2012-07-01,2008-12-27,CO_MF,FR-M94B-46,CO_MF,COMPONENTS,MOUNTAIN FRAMES,YES
303,CO-MF-FR-M94B-46,HL MOUNTAIN FRAME - BLACK- 46,739.0,M,2013-07-01,UNKNOWN,CO_MF,FR-M94B-46,CO_MF,COMPONENTS,MOUNTAIN FRAMES,YES
304,CO-MF-FR-M94B-38,HL MOUNTAIN FRAME - BLACK- 38,617.0,M,2011-07-01,2007-12-28,CO_MF,FR-M94B-38,CO_MF,COMPONENTS,MOUNTAIN FRAMES,YES
305,CO-MF-FR-M94B-38,HL MOUNTAIN FRAME - BLACK- 38,654.0,M,2012-07-01,2008-12-27,CO_MF,FR-M94B-38,CO_MF,COMPONENTS,MOUNTAIN FRAMES,YES
306,CO-MF-FR-M94B-38,HL MOUNTAIN FRAME - BLACK- 38,739.0,M,2013-07-01,UNKNOWN,CO_MF,FR-M94B-38,CO_MF,COMPONENTS,MOUNTAIN FRAMES,YES
307,CO-MF-FR-M94S-38,HL MOUNTAIN FRAME - SILVER- 38,624.0,M,2011-07-01,2007-12-28,CO_MF,FR-M94S-38,CO_MF,COMPONENTS,MOUNTAIN FRAMES,YES
308,CO-MF-FR-M94S-38,HL MOUNTAIN FRAME - SILVER- 38,661.0,M,2012-07-01,2008-12-27,CO_MF,FR-M94S-38,CO_MF,COMPONENTS,MOUNTAIN FRAMES,YES
309,CO-MF-FR-M94S-38,HL MOUNTAIN FRAME - SILVER- 38,747.0,M,2013-07-01,UNKNOWN,CO_MF,FR-M94S-38,CO_MF,COMPONENTS,MOUNTAIN FRAMES,YES
310,BI-RB-BK-R93R-62,ROAD-150 RED- 62,2171.0,R,2011-07-01,2007-12-28,BI_RB,BK-R93R-62,BI_RB,BIKES,ROAD BIKES,YES
311,BI-RB-BK-R93R-44,ROAD-150 RED- 44,2171.0,R,2011-07-01,2007-12-28,BI_RB,BK-R93R-44,BI_RB,BIKES,ROAD BIKES,YES
312,BI-RB-BK-R93R-48,ROAD-150 RED- 48,2171.0,R,2011-07-01,2007-12-28,BI_RB,BK-R93R-48,BI_RB,BIKES,ROAD BIKES,YES
313,BI-RB-BK-R93R-52,ROAD-150 RED- 52,2171.0,R,2011-07-01,2007-12-28,BI_RB,BK-R93R-52,BI_RB,BIKES,ROAD BIKES,YES
314,BI-RB-BK-R93R-56,ROAD-150 RED- 56,2171.0,R,2011-07-01,2007-12-28,BI_RB,BK-R93R-56,BI_RB,BIKES,ROAD BIKES,YES
315,BI-RB-BK-R68R-58,ROAD-450 RED- 58,885.0,R,2011-07-01,2007-12-28,BI_RB,BK-R68R-58,BI_RB,BIKES,ROAD BIKES,YES
316,BI-RB-BK-R68R-60,ROAD-450 RED- 60,885.0,R,2011-07-01,2007-12-28,BI_RB,BK-R68R-60,BI_RB,BIKES,ROAD BIKES,YES
317,BI-RB-BK-R68R-44,ROAD-450 RED- 44,885.0,R,2011-07-01,2007-12-28,BI_RB,BK-R68R-44,BI_RB,BIKES,ROAD BIKES,YES
318,BI-RB-BK-R68R-48,ROAD-450 RED- 48,885.0,R,2011-07-01,2007-12-28,BI_RB,BK-R68R-48,BI_RB,BIKES,ROAD BIKES,YES
319,BI-RB-BK-R68R-52,ROAD-450 RED- 52,885.0,R,2011-07-01,2007-12-28,BI_RB,BK-R68R-52,BI_RB,BIKES,ROAD BIKES,YES
320,BI-RB-BK-R50R-58,ROAD-650 RED- 58,413.0,R,2011-07-01,2007-12-28,BI_RB,BK-R50R-58,BI_RB,BIKES,ROAD BIKES,YES
321,BI-RB-BK-R50R-58,ROAD-650 RED- 58,487.0,R,2012-07-01,2008-12-27,BI_RB,BK-R50R-58,BI_RB,BIKES,ROAD BIKES,YES
322,BI-RB-BK-R50R-60,ROAD-650 RED- 60,413.0,R,2011-07-01,2007-12-28,BI_RB,BK-R50R-60,BI_RB,BIKES,ROAD BIKES,YES
323,BI-RB-BK-R50R-60,ROAD-650 RED- 60,487.0,R,2012-07-01,2008-12-27,BI_RB,BK-R50R-60,BI_RB,BIKES,ROAD BIKES,YES
324,BI-RB-BK-R50R-62,ROAD-650 RED- 62,413.0,R,2011-07-01,2007-12-28,BI_RB,BK-R50R-62,BI_RB,BIKES,ROAD BIKES,YES
325,BI-RB-BK-R50R-62,ROAD-650 RED- 62,487.0,R,2012-07-01,2008-12-27,BI_RB,BK-R50R-62,BI_RB,BIKES,ROAD BIKES,YES
326,BI-RB-BK-R50R-44,ROAD-650 RED- 44,413.0,R,2011-07-01,2007-12-28,BI_RB,BK-R50R-44,BI_RB,BIKES,ROAD BIKES,YES
327,BI-RB-BK-R50R-44,ROAD-650 RED- 44,487.0,R,2012-07-01,2008-12-27,BI_RB,BK-R50R-44,BI_RB,BIKES,ROAD BIKES,YES
328,BI-RB-BK-R50R-48,ROAD-650 RED- 48,413.0,R,2011-07-01,2007-12-28,BI_RB,BK-R50R-48,BI_RB,BIKES,ROAD BIKES,YES
329,BI-RB-BK-R50R-48,ROAD-650 RED- 48,487.0,R,2012-07-01,2008-12-27,BI_RB,BK-R50R-48,BI_RB,BIKES,ROAD BIKES,YES
330,BI-RB-BK-R50R-52,ROAD-650 RED- 52,413.0,R,2011-07-01,2007-12-28,BI_RB,BK-R50R-52,BI_RB,BIKES,ROAD BIKES,YES
331,BI-RB-BK-R50R-52,ROAD-650 RED- 52,487.0,R,2012-07-01,2008-12-27,BI_RB,BK-R50R-52,BI_RB,BIKES,ROAD BIKES,YES
332,BI-RB-BK-R50B-58,ROAD-650 BLACK- 58,413.0,R,2011-07-01,2007-12-28,BI_RB,BK-R50B-58,BI_RB,BIKES,ROAD BIKES,YES
333,BI-RB-BK-R50B-58,ROAD-650 BLACK- 58,487.0,R,2012-07-01,2008-12-27,BI_RB,BK-R50B-58,BI_RB,BIKES,ROAD BIKES,YES
334,BI-RB-BK-R50B-60,ROAD-650 BLACK- 60,413.0,R,2011-07-01,2007-12-28,BI_RB,BK-R50B-60,BI_RB,BIKES,ROAD BIKES,YES
335,BI-RB-BK-R50B-60,ROAD-650 BLACK- 60,487.0,R,2012-07-01,2008-12-27,BI_RB,BK-R50B-60,BI_RB,BIKES,ROAD BIKES,YES
336,BI-RB-BK-R50B-62,ROAD-650 BLACK- 62,413.0,R,2011-07-01,2007-12-28,BI_RB,BK-R50B-62,BI_RB,BIKES,ROAD BIKES,YES
337,BI-RB-BK-R50B-62,ROAD-650 BLACK- 62,487.0,R,2012-07-01,2008-12-27,BI_RB,BK-R50B-62,BI_RB,BIKES,ROAD BIKES,YES
338,BI-RB-BK-R50B-44,ROAD-650 BLACK- 44,413.0,R,2011-07-01,2007-12-28,BI_RB,BK-R50B-44,BI_RB,BIKES,ROAD BIKES,YES
339,BI-RB-BK-R50B-44,ROAD-650 BLACK- 44,487.0,R,2012-07-01,2008-12-27,BI_RB,BK-R50B-44,BI_RB,BIKES,ROAD BIKES,YES
340,BI-RB-BK-R50B-48,ROAD-650 BLACK- 48,413.0,R,2011-07-01,2007-12-28,BI_RB,BK-R50B-48,BI_RB,BIKES,ROAD BIKES,YES
341,BI-RB-BK-R50B-48,ROAD-650 BLACK- 48,487.0,R,2012-07-01,2008-12-27,BI_RB,BK-R50B-48,BI_RB,BIKES,ROAD BIKES,YES
342,BI-RB-BK-R50B-52,ROAD-650 BLACK- 52,413.0,R,2011-07-01,2007-12-28,BI_RB,BK-R50B-52,BI_RB,BIKES,ROAD BIKES,YES
343,BI-RB-BK-R50B-52,ROAD-650 BLACK- 52,487.0,R,2012-07-01,2008-12-27,BI_RB,BK-R50B-52,BI_RB,BIKES,ROAD BIKES,YES
344,BI-MB-BK-M82S-38,MOUNTAIN-100 SILVER- 38,1912.0,M,2011-07-01,2007-12-28,BI_MB,BK-M82S-38,BI_MB,BIKES,MOUNTAIN BIKES,YES
345,BI-MB-BK-M82S-42,MOUNTAIN-100 SILVER- 42,1912.0,M,2011-07-01,2007-12-28,BI_MB,BK-M82S-42,BI_MB,BIKES,MOUNTAIN BIKES,YES
346,BI-MB-BK-M82S-44,MOUNTAIN-100 SILVER- 44,1912.0,M,2011-07-01,2007-12-28,BI_MB,BK-M82S-44,BI_MB,BIKES,MOUNTAIN BIKES,YES
347,BI-MB-BK-M82S-48,MOUNTAIN-100 SILVER- 48,1912.0,M,2011-07-01,2007-12-28,BI_MB,BK-M82S-48,BI_MB,BIKES,MOUNTAIN BIKES,YES
348,BI-MB-BK-M82B-38,MOUNTAIN-100 BLACK- 38,1898.0,M,2011-07-01,2007-12-28,BI_MB,BK-M82B-38,BI_MB,BIKES,MOUNTAIN BIKES,YES
349,BI-MB-BK-M82B-42,MOUNTAIN-100 BLACK- 42,1898.0,M,2011-07-01,2007-12-28,BI_MB,BK-M82B-42,BI_MB,BIKES,MOUNTAIN BIKES,YES
350,BI-MB-BK-M82B-44,MOUNTAIN-100 BLACK- 44,1898.0,M,2011-07-01,2007-12-28,BI_MB,BK-M82B-44,BI_MB,BIKES,MOUNTAIN BIKES,YES
351,BI-MB-BK-M82B-48,MOUNTAIN-100 BLACK- 48,1898.0,M,2011-07-01,2007-12-28,BI_MB,BK-M82B-48,BI_MB,BIKES,MOUNTAIN BIKES,YES
352,BI-MB-BK-M68S-38,MOUNTAIN-200 SILVER- 38,1118.0,M,2012-07-01,2008-12-27,BI_MB,BK-M68S-38,BI_MB,BIKES,MOUNTAIN BIKES,YES
353,BI-MB-BK-M68S-38,MOUNTAIN-200 SILVER- 38,1266.0,M,2013-07-01,UNKNOWN,BI_MB,BK-M68S-38,BI_MB,BIKES,MOUNTAIN BIKES,YES
354,BI-MB-BK-M68S-42,MOUNTAIN-200 SILVER- 42,1118.0,M,2012-07-01,2008-12-27,BI_MB,BK-M68S-42,BI_MB,BIKES,MOUNTAIN BIKES,YES
355,BI-MB-BK-M68S-42,MOUNTAIN-200 SILVER- 42,1266.0,M,2013-07-01,UNKNOWN,BI_MB,BK-M68S-42,BI_MB,BIKES,MOUNTAIN BIKES,YES
356,BI-MB-BK-M68S-46,MOUNTAIN-200 SILVER- 46,1118.0,M,2012-07-01,2008-12-27,BI_MB,BK-M68S-46,BI_MB,BIKES,MOUNTAIN BIKES,YES
357,BI-MB-BK-M68S-46,MOUNTAIN-200 SILVER- 46,1266.0,M,2013-07-01,UNKNOWN,BI_MB,BK-M68S-46,BI_MB,BIKES,MOUNTAIN BIKES,YES
358,BI-MB-BK-M68B-38,MOUNTAIN-200 BLACK- 38,1106.0,M,2012-07-01,2008-12-27,BI_MB,BK-M68B-38,BI_MB,BIKES,MOUNTAIN BIKES,YES
359,BI-MB-BK-M68B-38,MOUNTAIN-200 BLACK- 38,1252.0,M,2013-07-01,UNKNOWN,BI_MB,BK-M68B-38,BI_MB,BIKES,MOUNTAIN BIKES,YES
360,BI-MB-BK-M68B-42,MOUNTAIN-200 BLACK- 42,1106.0,M,2012-07-01,2008-12-27,BI_MB,BK-M68B-42,BI_MB,BIKES,MOUNTAIN BIKES,YES
361,BI-MB-BK-M68B-42,MOUNTAIN-200 BLACK- 42,1252.0,M,2013-07-01,UNKNOWN,BI_MB,BK-M68B-42,BI_MB,BIKES,MOUNTAIN BIKES,YES
362,BI-MB-BK-M68B-46,MOUNTAIN-200 BLACK- 46,1106.0,M,2012-07-01,2008-12-27,BI_MB,BK-M68B-46,BI_MB,BIKES,MOUNTAIN BIKES,YES
363,BI-MB-BK-M68B-46,MOUNTAIN-200 BLACK- 46,1252.0,M,2013-07-01,UNKNOWN,BI_MB,BK-M68B-46,BI_MB,BIKES,MOUNTAIN BIKES,YES
364,BI-MB-BK-M47B-38,MOUNTAIN-300 BLACK- 38,598.0,M,2012-07-01,2008-12-27,BI_MB,BK-M47B-38,BI_MB,BIKES,MOUNTAIN BIKES,YES
365,BI-MB-BK-M47B-40,MOUNTAIN-300 BLACK- 40,598.0,M,2012-07-01,2008-12-27,BI_MB,BK-M47B-40,BI_MB,BIKES,MOUNTAIN BIKES,YES
366,BI-MB-BK-M47B-44,MOUNTAIN-300 BLACK- 44,598.0,M,2012-07-01,2008-12-27,BI_MB,BK-M47B-44,BI_MB,BIKES,MOUNTAIN BIKES,YES
367,BI-MB-BK-M47B-48,MOUNTAIN-300 BLACK- 48,598.0,M,2012-07-01,2008-12-27,BI_MB,BK-M47B-48,BI_MB,BIKES,MOUNTAIN BIKES,YES
368,BI-RB-BK-R89R-44,ROAD-250 RED- 44,1519.0,R,2012-07-01,2008-12-27,BI_RB,BK-R89R-44,BI_RB,BIKES,ROAD BIKES,YES
369,BI-RB-BK-R89R-48,ROAD-250 RED- 48,1519.0,R,2012-07-01,2008-12-27,BI_RB,BK-R89R-48,BI_RB,BIKES,ROAD BIKES,YES
370,BI-RB-BK-R89R-52,ROAD-250 RED- 52,1519.0,R,2012-07-01,2008-12-27,BI_RB,BK-R89R-52,BI_RB,BIKES,ROAD BIKES,YES
371,BI-RB-BK-R89R-58,ROAD-250 RED- 58,1321.0,R,2012-07-01,2008-12-27,BI_RB,BK-R89R-58,BI_RB,BIKES,ROAD BIKES,YES
372,BI-RB-BK-R89R-58,ROAD-250 RED- 58,1555.0,R,2013-07-01,UNKNOWN,BI_RB,BK-R89R-58,BI_RB,BIKES,ROAD BIKES,YES
373,BI-RB-BK-R89B-44,ROAD-250 BLACK- 44,1321.0,R,2012-07-01,2008-12-27,BI_RB,BK-R89B-44,BI_RB,BIKES,ROAD BIKES,YES
374,BI-RB-BK-R89B-44,ROAD-250 BLACK- 44,1555.0,R,2013-07-01,UNKNOWN,BI_RB,BK-R89B-44,BI_RB,BIKES,ROAD BIKES,YES
375,BI-RB-BK-R89B-48,ROAD-250 BLACK- 48,1321.0,R,2012-07-01,2008-12-27,BI_RB,BK-R89B-48,BI_RB,BIKES,ROAD BIKES,YES
376,BI-RB-BK-R89B-48,ROAD-250 BLACK- 48,1555.0,R,2013-07-01,UNKNOWN,BI_RB,BK-R89B-48,BI_RB,BIKES,ROAD BIKES,YES
377,BI-RB-BK-R89B-52,ROAD-250 BLACK- 52,1321.0,R,2012-07-01,2008-12-27,BI_RB,BK-R89B-52,BI_RB,BIKES,ROAD BIKES,YES
378,BI-RB-BK-R89B-52,ROAD-250 BLACK- 52,1555.0,R,2013-07-01,UNKNOWN,BI_RB,BK-R89B-52,BI_RB,BIKES,ROAD BIKES,YES
379,BI-RB-BK-R89B-58,ROAD-250 BLACK- 58,1321.0,R,2012-07-01,2008-12-27,BI_RB,BK-R89B-58,BI_RB,BIKES,ROAD BIKES,YES
380,BI-RB-BK-R89B-58,ROAD-250 BLACK- 58,1555.0,R,2013-07-01,UNKNOWN,BI_RB,BK-R89B-58,BI_RB,BIKES,ROAD BIKES,YES
381,BI-RB-BK-R64Y-38,ROAD-550-W YELLOW- 38,606.0,R,2012-07-01,2008-12-27,BI_RB,BK-R64Y-38,BI_RB,BIKES,ROAD BIKES,YES
382,BI-RB-BK-R64Y-38,ROAD-550-W YELLOW- 38,713.0,R,2013-07-01,UNKNOWN,BI_RB,BK-R64Y-38,BI_RB,BIKES,ROAD BIKES,YES
383,BI-RB-BK-R64Y-40,ROAD-550-W YELLOW- 40,606.0,R,2012-07-01,2008-12-27,BI_RB,BK-R64Y-40,BI_RB,BIKES,ROAD BIKES,YES
384,BI-RB-BK-R64Y-40,ROAD-550-W YELLOW- 40,713.0,R,2013-07-01,UNKNOWN,BI_RB,BK-R64Y-40,BI_RB,BIKES,ROAD BIKES,YES
385,BI-RB-BK-R64Y-42,ROAD-550-W YELLOW- 42,606.0,R,2012-07-01,2008-12-27,BI_RB,BK-R64Y-42,BI_RB,BIKES,ROAD BIKES,YES
386,BI-RB-BK-R64Y-42,ROAD-550-W YELLOW- 42,713.0,R,2013-07-01,UNKNOWN,BI_RB,BK-R64Y-42,BI_RB,BIKES,ROAD BIKES,YES
387,BI-RB-BK-R64Y-44,ROAD-550-W YELLOW- 44,606.0,R,2012-07-01,2008-12-27,BI_RB,BK-R64Y-44,BI_RB,BIKES,ROAD BIKES,YES
388,BI-RB-BK-R64Y-44,ROAD-550-W YELLOW- 44,713.0,R,2013-07-01,UNKNOWN,BI_RB,BK-R64Y-44,BI_RB,BIKES,ROAD BIKES,YES
389,BI-RB-BK-R64Y-48,ROAD-550-W YELLOW- 48,606.0,R,2012-07-01,2008-12-27,BI_RB,BK-R64Y-48,BI_RB,BIKES,ROAD BIKES,YES
390,BI-RB-BK-R64Y-48,ROAD-550-W YELLOW- 48,713.0,R,2013-07-01,UNKNOWN,BI_RB,BK-R64Y-48,BI_RB,BIKES,ROAD BIKES,YES
391,CO-FO-FK-1639,LL FORK,66.0,UNKNOWN,2012-07-01,2008-12-27,CO_FO,FK-1639,CO_FO,COMPONENTS,FORKS,YES
392,CO-FO-FK-5136,ML FORK,78.0,UNKNOWN,2012-07-01,2008-12-27,CO_FO,FK-5136,CO_FO,COMPONENTS,FORKS,YES
393,CO-FO-FK-9939,HL FORK,102.0,UNKNOWN,2012-07-01,2008-12-27,CO_FO,FK-9939,CO_FO,COMPONENTS,FORKS,YES
394,CO-HS-HS-0296,LL HEADSET,15.0,UNKNOWN,2012-07-01,2008-12-27,CO_HS,HS-0296,CO_HS,COMPONENTS,HEADSETS,NO
395,CO-HS-HS-2451,ML HEADSET,45.0,UNKNOWN,2012-07-01,2008-12-27,CO_HS,HS-2451,CO_HS,COMPONENTS,HEADSETS,NO
396,CO-HS-HS-3479,HL HEADSET,55.0,UNKNOWN,2012-07-01,2008-12-27,CO_HS,HS-3479,CO_HS,COMPONENTS,HEADSETS,NO
397,CO-HB-HB-M243,LL MOUNTAIN HANDLEBARS,18.0,M,2012-07-01,2008-12-27,CO_HB,HB-M243,CO_HB,COMPONENTS,HANDLEBARS,NO
398,CO-HB-HB-M243,LL MOUNTAIN HANDLEBARS,20.0,M,2013-07-01,UNKNOWN,CO_HB,HB-M243,CO_HB,COMPONENTS,HANDLEBARS,NO
399,CO-HB-HB-M763,ML MOUNTAIN HANDLEBARS,25.0,M,2012-07-01,2008-12-27,CO_HB,HB-M763,CO_HB,COMPONENTS,HANDLEBARS,NO
400,CO-HB-HB-M763,ML MOUNTAIN HANDLEBARS,27.0,M,2013-07-01,UNKNOWN,CO_HB,HB-M763,CO_HB,COMPONENTS,HANDLEBARS,NO
401,CO-HB-HB-M918,HL MOUNTAIN HANDLEBARS,49.0,M,2012-07-01,2008-12-27,CO_HB,HB-M918,CO_HB,COMPONENTS,HANDLEBARS,NO
402,CO-HB-HB-M918,HL MOUNTAIN HANDLEBARS,53.0,M,2013-07-01,UNKNOWN,CO_HB,HB-M918,CO_HB,COMPONENTS,HANDLEBARS,NO
403,CO-HB-HB-R504,LL ROAD HANDLEBARS,18.0,R,2012-07-01,2008-12-27,CO_HB,HB-R504,CO_HB,COMPONENTS,HANDLEBARS,NO
404,CO-HB-HB-R504,LL ROAD HANDLEBARS,20.0,R,2013-07-01,UNKNOWN,CO_HB,HB-R504,CO_HB,COMPONENTS,HANDLEBARS,NO
405,CO-HB-HB-R720,ML ROAD HANDLEBARS,25.0,R,2012-07-01,2008-12-27,CO_HB,HB-R720,CO_HB,COMPONENTS,HANDLEBARS,NO
406,CO-HB-HB-R720,ML ROAD HANDLEBARS,27.0,R,2013-07-01,UNKNOWN,CO_HB,HB-R720,CO_HB,COMPONENTS,HANDLEBARS,NO
407,CO-HB-HB-R956,HL ROAD HANDLEBARS,49.0,R,2012-07-01,2008-12-27,CO_HB,HB-R956,CO_HB,COMPONENTS,HANDLEBARS,NO
408,CO-HB-HB-R956,HL ROAD HANDLEBARS,53.0,R,2013-07-01,UNKNOWN,CO_HB,HB-R956,CO_HB,COMPONENTS,HANDLEBARS,NO
409,CO-MF-FR-M63B-38,ML MOUNTAIN FRAME - BLACK- 38,186.0,M,2012-07-01,2008-12-27,CO_MF,FR-M63B-38,CO_MF,COMPONENTS,MOUNTAIN FRAMES,YES
410,CO-WH-FW-M423,LL MOUNTAIN FRONT WHEEL,27.0,M,2012-07-01,2008-12-27,CO_WH,FW-M423,CO_WH,COMPONENTS,WHEELS,YES
411,CO-WH-FW-M762,ML MOUNTAIN FRONT WHEEL,93.0,M,2012-07-01,2008-12-27,CO_WH,FW-M762,CO_WH,COMPONENTS,WHEELS,YES
412,CO-WH-FW-M928,HL MOUNTAIN FRONT WHEEL,133.0,M,2012-07-01,2008-12-27,CO_WH,FW-M928,CO_WH,COMPONENTS,WHEELS,YES
413,CO-WH-FW-R623,LL ROAD FRONT WHEEL,38.0,R,2012-07-01,2008-12-27,CO_WH,FW-R623,CO_WH,COMPONENTS,WHEELS,YES
414,CO-WH-FW-R762,ML ROAD FRONT WHEEL,110.0,R,2012-07-01,2008-12-27,CO_WH,FW-R762,CO_WH,COMPONENTS,WHEELS,YES
415,CO-WH-FW-R820,HL ROAD FRONT WHEEL,147.0,R,2012-07-01,2008-12-27,CO_WH,FW-R820,CO_WH,COMPONENTS,WHEELS,YES
416,CO-WH-FW-T905,TOURING FRONT WHEEL,97.0,T,2012-07-01,2008-12-27,CO_WH,FW-T905,CO_WH,COMPONENTS,WHEELS,YES
417,CO-RF-FR-R72Y-38,ML ROAD FRAME-W - YELLOW- 38,300.0,R,2012-07-01,2008-12-27,CO_RF,FR-R72Y-38,CO_RF,COMPONENTS,ROAD FRAMES,YES
418,CO-RF-FR-R72Y-38,ML ROAD FRAME-W - YELLOW- 38,361.0,R,2013-07-01,UNKNOWN,CO_RF,FR-R72Y-38,CO_RF,COMPONENTS,ROAD FRAMES,YES
419,CO-WH-RW-M423,LL MOUNTAIN REAR WHEEL,39.0,M,2012-07-01,2008-12-27,CO_WH,RW-M423,CO_WH,COMPONENTS,WHEELS,YES
420,CO-WH-RW-M762,ML MOUNTAIN REAR WHEEL,105.0,M,2012-07-01,2008-12-27,CO_WH,RW-M762,CO_WH,COMPONENTS,WHEELS,YES
421,CO-WH-RW-M928,HL MOUNTAIN REAR WHEEL,145.0,M,2012-07-01,2008-12-27,CO_WH,RW-M928,CO_WH,COMPONENTS,WHEELS,YES
422,CO-WH-RW-R623,LL ROAD REAR WHEEL,50.0,R,2012-07-01,2008-12-27,CO_WH,RW-R623,CO_WH,COMPONENTS,WHEELS,YES
423,CO-WH-RW-R762,ML ROAD REAR WHEEL,122.0,R,2012-07-01,2008-12-27,CO_WH,RW-R762,CO_WH,COMPONENTS,WHEELS,YES
424,CO-WH-RW-R820,HL ROAD REAR WHEEL,159.0,R,2012-07-01,2008-12-27,CO_WH,RW-R820,CO_WH,COMPONENTS,WHEELS,YES
425,CO-WH-RW-T905,TOURING REAR WHEEL,109.0,T,2012-07-01,2008-12-27,CO_WH,RW-T905,CO_WH,COMPONENTS,WHEELS,YES
426,CO-MF-FR-M63B-40,ML MOUNTAIN FRAME - BLACK- 40,186.0,M,2012-07-01,2008-12-27,CO_MF,FR-M63B-40,CO_MF,COMPONENTS,MOUNTAIN FRAMES,YES
427,CO-MF-FR-M63B-44,ML MOUNTAIN FRAME - BLACK- 44,186.0,M,2012-07-01,2008-12-27,CO_MF,FR-M63B-44,CO_MF,COMPONENTS,MOUNTAIN FRAMES,YES
428,CO-MF-FR-M63B-48,ML MOUNTAIN FRAME - BLACK- 48,186.0,M,2012-07-01,2008-12-27,CO_MF,FR-M63B-48,CO_MF,COMPONENTS,MOUNTAIN FRAMES,YES
429,CO-RF-FR-R72Y-40,ML ROAD FRAME-W - YELLOW- 40,300.0,R,2012-07-01,2008-12-27,CO_RF,FR-R72Y-40,CO_RF,COMPONENTS,ROAD FRAMES,YES
430,CO-RF-FR-R72Y-40,ML ROAD FRAME-W - YELLOW- 40,361.0,R,2013-07-01,UNKNOWN,CO_RF,FR-R72Y-40,CO_RF,COMPONENTS,ROAD FRAMES,YES
431,CO-RF-FR-R72Y-42,ML ROAD FRAME-W - YELLOW- 42,300.0,R,2012-07-01,2008-12-27,CO_RF,FR-R72Y-42,CO_RF,COMPONENTS,ROAD FRAMES,YES
432,CO-RF-FR-R72Y-42,ML ROAD FRAME-W - YELLOW- 42,361.0,R,2013-07-01,UNKNOWN,CO_RF,FR-R72Y-42,CO_RF,COMPONENTS,ROAD FRAMES,YES
433,CO-RF-FR-R72Y-44,ML ROAD FRAME-W - YELLOW- 44,300.0,R,2012-07-01,2008-12-27,CO_RF,FR-R72Y-44,CO_RF,COMPONENTS,ROAD FRAMES,YES
434,CO-RF-FR-R72Y-44,ML ROAD FRAME-W - YELLOW- 44,361.0,R,2013-07-01,UNKNOWN,CO_RF,FR-R72Y-44,CO_RF,COMPONENTS,ROAD FRAMES,YES
435,CO-RF-FR-R72Y-48,ML ROAD FRAME-W - YELLOW- 48,300.0,R,2012-07-01,2008-12-27,CO_RF,FR-R72Y-48,CO_RF,COMPONENTS,ROAD FRAMES,YES
436,CO-RF-FR-R72Y-48,ML ROAD FRAME-W - YELLOW- 48,361.0,R,2013-07-01,UNKNOWN,CO_RF,FR-R72Y-48,CO_RF,COMPONENTS,ROAD FRAMES,YES
437,CO-RF-FR-R92B-62,HL ROAD FRAME - BLACK- 62,722.0,R,2012-07-01,2008-12-27,CO_RF,FR-R92B-62,CO_RF,COMPONENTS,ROAD FRAMES,YES
438,CO-RF-FR-R92B-62,HL ROAD FRAME - BLACK- 62,869.0,R,2013-07-01,UNKNOWN,CO_RF,FR-R92B-62,CO_RF,COMPONENTS,ROAD FRAMES,YES
439,CO-RF-FR-R92B-44,HL ROAD FRAME - BLACK- 44,722.0,R,2012-07-01,2008-12-27,CO_RF,FR-R92B-44,CO_RF,COMPONENTS,ROAD FRAMES,YES
440,CO-RF-FR-R92B-44,HL ROAD FRAME - BLACK- 44,869.0,R,2013-07-01,UNKNOWN,CO_RF,FR-R92B-44,CO_RF,COMPONENTS,ROAD FRAMES,YES
441,CO-RF-FR-R92B-48,HL ROAD FRAME - BLACK- 48,722.0,R,2012-07-01,2008-12-27,CO_RF,FR-R92B-48,CO_RF,COMPONENTS,ROAD FRAMES,YES
442,CO-RF-FR-R92B-48,HL ROAD FRAME - BLACK- 48,869.0,R,2013-07-01,UNKNOWN,CO_RF,FR-R92B-48,CO_RF,COMPONENTS,ROAD FRAMES,YES
443,CO-RF-FR-R92B-52,HL ROAD FRAME - BLACK- 52,722.0,R,2012-07-01,2008-12-27,CO_RF,FR-R92B-52,CO_RF,COMPONENTS,ROAD FRAMES,YES
444,CO-RF-FR-R92B-52,HL ROAD FRAME - BLACK- 52,869.0,R,2013-07-01,UNKNOWN,CO_RF,FR-R92B-52,CO_RF,COMPONENTS,ROAD FRAMES,YES
445,CL-SH-SH-M897-S,MEN'S SPORTS SHORTS- S,25.0,S,2012-07-01,2008-12-27,CL_SH,SH-M897-S,CL_SH,CLOTHING,SHORTS,NO
446,AC-PA-PA-T100,TOURING-PANNIERS- LARGE,52.0,T,2012-07-01,2008-12-27,AC_PA,PA-T100,AC_PA,ACCESSORIES,PANNIERS,NO
447,AC-LO-LO-C100,CABLE LOCK,10.0,S,2012-07-01,2008-12-27,AC_LO,LO-C100,AC_LO,ACCESSORIES,LOCKS,YES
448,AC-PU-PU-0452,MINIPUMP,8.0,S,2012-07-01,2008-12-27,AC_PU,PU-0452,AC_PU,ACCESSORIES,PUMPS,YES
449,AC-PU-PU-M044,MOUNTAIN PUMP,10.0,M,2012-07-01,2008-12-27,AC_PU,PU-M044,AC_PU,ACCESSORIES,PUMPS,YES
450,AC-LI-LT-T990,TAILLIGHTS - BATTERY-POWERED,6.0,R,2012-07-01,2008-12-27,AC_LI,LT-T990,AC_LI,ACCESSORIES,LIGHTS,YES
451,AC-LI-LT-H902,HEADLIGHTS - DUAL-BEAM,14.0,R,2012-07-01,2008-12-27,AC_LI,LT-H902,AC_LI,ACCESSORIES,LIGHTS,YES
452,AC-LI-LT-H903,HEADLIGHTS - WEATHERPROOF,19.0,R,2012-07-01,2008-12-27,AC_LI,LT-H903,AC_LI,ACCESSORIES,LIGHTS,YES
453,CL-SH-SH-M897-M,MEN'S SPORTS SHORTS- M,25.0,S,2012-07-01,2008-12-27,CL_SH,SH-M897-M,CL_SH,CLOTHING,SHORTS,NO
454,CL-SH-SH-M897-L,MEN'S SPORTS SHORTS- L,25.0,S,2012-07-01,2008-12-27,CL_SH,SH-M897-L,CL_SH,CLOTHING,SHORTS,NO
455,CL-SH-SH-M897-X,MEN'S SPORTS SHORTS- XL,25.0,S,2012-07-01,2008-12-27,CL_SH,SH-M897-X,CL_SH,CLOTHING,SHORTS,NO
456,CL-TI-TG-W091-S,WOMEN'S TIGHTS- S,31.0,S,2012-07-01,2008-12-27,CL_TI,TG-W091-S,CL_TI,CLOTHING,TIGHTS,NO
457,CL-TI-TG-W091-M,WOMEN'S TIGHTS- M,31.0,S,2012-07-01,2008-12-27,CL_TI,TG-W091-M,CL_TI,CLOTHING,TIGHTS,NO
458,CL-TI-TG-W091-L,WOMEN'S TIGHTS- L,31.0,S,2012-07-01,2008-12-27,CL_TI,TG-W091-L,CL_TI,CLOTHING,TIGHTS,NO
459,CL-BS-SB-M891-S,MEN'S BIB-SHORTS- S,37.0,S,2012-07-01,2008-12-27,CL_BS,SB-M891-S,CL_BS,CLOTHING,BIB-SHORTS,NO
460,CL-BS-SB-M891-M,MEN'S BIB-SHORTS- M,37.0,S,2012-07-01,2008-12-27,CL_BS,SB-M891-M,CL_BS,CLOTHING,BIB-SHORTS,NO
461,CL-BS-SB-M891-L,MEN'S BIB-SHORTS- L,37.0,S,2012-07-01,2008-12-27,CL_BS,SB-M891-L,CL_BS,CLOTHING,BIB-SHORTS,NO
462,CL-GL-GL-H102-S,HALF-FINGER GLOVES- S,10.0,S,2012-07-01,2008-12-27,CL_GL,GL-H102-S,CL_GL,CLOTHING,GLOVES,NO
463,CL-GL-GL-H102-S,HALF-FINGER GLOVES- S,9.0,S,2013-07-01,UNKNOWN,CL_GL,GL-H102-S,CL_GL,CLOTHING,GLOVES,NO
464,CL-GL-GL-H102-M,HALF-FINGER GLOVES- M,10.0,S,2012-07-01,2008-12-27,CL_GL,GL-H102-M,CL_GL,CLOTHING,GLOVES,NO
465,CL-GL-GL-H102-M,HALF-FINGER GLOVES- M,9.0,S,2013-07-01,UNKNOWN,CL_GL,GL-H102-M,CL_GL,CLOTHING,GLOVES,NO
466,CL-GL-GL-H102-L,HALF-FINGER GLOVES- L,10.0,S,2012-07-01,2008-12-27,CL_GL,GL-H102-L,CL_GL,CLOTHING,GLOVES,NO
467,CL-GL-GL-H102-L,HALF-FINGER GLOVES- L,9.0,S,2013-07-01,UNKNOWN,CL_GL,GL-H102-L,CL_GL,CLOTHING,GLOVES,NO
468,CL-GL-GL-F110-S,FULL-FINGER GLOVES- S,16.0,M,2012-07-01,2008-12-27,CL_GL,GL-F110-S,CL_GL,CLOTHING,GLOVES,NO
469,CL-GL-GL-F110-M,FULL-FINGER GLOVES- M,16.0,M,2012-07-01,2008-12-27,CL_GL,GL-F110-M,CL_GL,CLOTHING,GLOVES,NO
470,CL-GL-GL-F110-L,FULL-FINGER GLOVES- L,16.0,M,2012-07-01,2008-12-27,CL_GL,GL-F110-L,CL_GL,CLOTHING,GLOVES,NO
471,CL-VE-VE-C304-S,CLASSIC VEST- S,24.0,S,2013-07-01,UNKNOWN,CL_VE,VE-C304-S,CL_VE,CLOTHING,VESTS,NO
472,CL-VE-VE-C304-M,CLASSIC VEST- M,24.0,S,2013-07-01,UNKNOWN,CL_VE,VE-C304-M,CL_VE,CLOTHING,VESTS,NO
473,CL-VE-VE-C304-L,CLASSIC VEST- L,24.0,S,2013-07-01,UNKNOWN,CL_VE,VE-C304-L,CL_VE,CLOTHING,VESTS,NO
474,CL-SH-SH-W890-S,WOMEN'S MOUNTAIN SHORTS- S,26.0,M,2013-07-01,UNKNOWN,CL_SH,SH-W890-S,CL_SH,CLOTHING,SHORTS,NO
475,CL-SH-SH-W890-M,WOMEN'S MOUNTAIN SHORTS- M,26.0,M,2013-07-01,UNKNOWN,CL_SH,SH-W890-M,CL_SH,CLOTHING,SHORTS,NO
476,CL-SH-SH-W890-L,WOMEN'S MOUNTAIN SHORTS- L,26.0,M,2013-07-01,UNKNOWN,CL_SH,SH-W890-L,CL_SH,CLOTHING,SHORTS,NO
477,AC-BC-WB-H098,WATER BOTTLE - 30 OZ.,2.0,S,2013-07-01,UNKNOWN,AC_BC,WB-H098,AC_BC,ACCESSORIES,BOTTLES AND CAGES,NO
478,AC-BC-BC-M005,MOUNTAIN BOTTLE CAGE,4.0,M,2013-07-01,UNKNOWN,AC_BC,BC-M005,AC_BC,ACCESSORIES,BOTTLES AND CAGES,NO
479,AC-BC-BC-R205,ROAD BOTTLE CAGE,3.0,R,2013-07-01,UNKNOWN,AC_BC,BC-R205,AC_BC,ACCESSORIES,BOTTLES AND CAGES,NO
480,AC-TT-PK-7098,PATCH KIT/8 PATCHES,1.0,S,2013-07-01,UNKNOWN,AC_TT,PK-7098,AC_TT,ACCESSORIES,TIRES AND TUBES,YES
481,CL-SO-SO-R809-M,RACING SOCKS- M,3.0,R,2013-07-01,UNKNOWN,CL_SO,SO-R809-M,CL_SO,CLOTHING,SOCKS,NO
482,CL-SO-SO-R809-L,RACING SOCKS- L,3.0,R,2013-07-01,UNKNOWN,CL_SO,SO-R809-L,CL_SO,CLOTHING,SOCKS,NO
483,AC-BR-RA-H123,HITCH RACK - 4-BIKE,45.0,S,2013-07-01,UNKNOWN,AC_BR,RA-H123,AC_BR,ACCESSORIES,BIKE RACKS,YES
484,AC-CL-CL-9009,BIKE WASH - DISSOLVER,3.0,S,2013-07-01,UNKNOWN,AC_CL,CL-9009,AC_CL,ACCESSORIES,CLEANERS,YES
485,AC-FE-FE-6654,FENDER SET - MOUNTAIN,8.0,M,2013-07-01,UNKNOWN,AC_FE,FE-6654,AC_FE,ACCESSORIES,FENDERS,NO
486,AC-BS-ST-1401,ALL-PURPOSE BIKE STAND,59.0,M,2013-07-01,UNKNOWN,AC_BS,ST-1401,AC_BS,ACCESSORIES,BIKE STANDS,NO
487,AC-HP-HY-1023-70,HYDRATION PACK - 70 OZ.,21.0,S,2013-07-01,UNKNOWN,AC_HP,HY-1023-70,AC_HP,ACCESSORIES,HYDRATION PACKS,NO
488,CL-JE-SJ-0194-S,SHORT-SLEEVE CLASSIC JERSEY- S,42.0,S,2013-07-01,UNKNOWN,CL_JE,SJ-0194-S,CL_JE,CLOTHING,JERSEYS,NO
489,CL-JE-SJ-0194-M,SHORT-SLEEVE CLASSIC JERSEY- M,42.0,S,2013-07-01,UNKNOWN,CL_JE,SJ-0194-M,CL_JE,CLOTHING,JERSEYS,NO
490,CL-JE-SJ-0194-L,SHORT-SLEEVE CLASSIC JERSEY- L,42.0,S,2013-07-01,UNKNOWN,CL_JE,SJ-0194-L,CL_JE,CLOTHING,JERSEYS,NO
491,CL-JE-SJ-0194-X,SHORT-SLEEVE CLASSIC JERSEY- XL,42.0,S,2013-07-01,UNKNOWN,CL_JE,SJ-0194-X,CL_JE,CLOTHING,JERSEYS,NO
492,CO-TF-FR-T98Y-60,HL TOURING FRAME - YELLOW- 60,602.0,T,2013-07-01,UNKNOWN,CO_TF,FR-T98Y-60,CO_TF,COMPONENTS,TOURING FRAMES,YES
493,CO-TF-FR-T67Y-62,LL TOURING FRAME - YELLOW- 62,200.0,T,2013-07-01,UNKNOWN,CO_TF,FR-T67Y-62,CO_TF,COMPONENTS,TOURING FRAMES,YES
494,CO-TF-FR-T98Y-46,HL TOURING FRAME - YELLOW- 46,602.0,T,2013-07-01,UNKNOWN,CO_TF,FR-T98Y-46,CO_TF,COMPONENTS,TOURING FRAMES,YES
495,CO-TF-FR-T98Y-50,HL TOURING FRAME - YELLOW- 50,602.0,T,2013-07-01,UNKNOWN,CO_TF,FR-T98Y-50,CO_TF,COMPONENTS,TOURING FRAMES,YES
496,CO-TF-FR-T98Y-54,HL TOURING FRAME - YELLOW- 54,602.0,T,2013-07-01,UNKNOWN,CO_TF,FR-T98Y-54,CO_TF,COMPONENTS,TOURING FRAMES,YES
497,CO-TF-FR-T98U-46,HL TOURING FRAME - BLUE- 46,602.0,T,2013-07-01,UNKNOWN,CO_TF,FR-T98U-46,CO_TF,COMPONENTS,TOURING FRAMES,YES
498,CO-TF-FR-T98U-50,HL TOURING FRAME - BLUE- 50,602.0,T,2013-07-01,UNKNOWN,CO_TF,FR-T98U-50,CO_TF,COMPONENTS,TOURING FRAMES,YES
499,CO-TF-FR-T98U-54,HL TOURING FRAME - BLUE- 54,602.0,T,2013-07-01,UNKNOWN,CO_TF,FR-T98U-54,CO_TF,COMPONENTS,TOURING FRAMES,YES
500,CO-TF-FR-T98U-60,HL TOURING FRAME - BLUE- 60,602.0,T,2013-07-01,UNKNOWN,CO_TF,FR-T98U-60,CO_TF,COMPONENTS,TOURING FRAMES,YES
501,CO-DE-RD-2308,REAR DERAILLEUR,54.0,UNKNOWN,2013-07-01,UNKNOWN,CO_DE,RD-2308,CO_DE,COMPONENTS,DERAILLEURS,YES
502,CO-TF-FR-T67U-50,LL TOURING FRAME - BLUE- 50,200.0,T,2013-07-01,UNKNOWN,CO_TF,FR-T67U-50,CO_TF,COMPONENTS,TOURING FRAMES,YES
503,CO-TF-FR-T67U-54,LL TOURING FRAME - BLUE- 54,200.0,T,2013-07-01,UNKNOWN,CO_TF,FR-T67U-54,CO_TF,COMPONENTS,TOURING FRAMES,YES
504,CO-TF-FR-T67U-58,LL TOURING FRAME - BLUE- 58,200.0,T,2013-07-01,UNKNOWN,CO_TF,FR-T67U-58,CO_TF,COMPONENTS,TOURING FRAMES,YES
505,CO-TF-FR-T67U-62,LL TOURING FRAME - BLUE- 62,200.0,T,2013-07-01,UNKNOWN,CO_TF,FR-T67U-62,CO_TF,COMPONENTS,TOURING FRAMES,YES
506,CO-TF-FR-T67Y-44,LL TOURING FRAME - YELLOW- 44,200.0,T,2013-07-01,UNKNOWN,CO_TF,FR-T67Y-44,CO_TF,COMPONENTS,TOURING FRAMES,YES
507,CO-TF-FR-T67Y-50,LL TOURING FRAME - YELLOW- 50,200.0,T,2013-07-01,UNKNOWN,CO_TF,FR-T67Y-50,CO_TF,COMPONENTS,TOURING FRAMES,YES
508,CO-TF-FR-T67Y-54,LL TOURING FRAME - YELLOW- 54,200.0,T,2013-07-01,UNKNOWN,CO_TF,FR-T67Y-54,CO_TF,COMPONENTS,TOURING FRAMES,YES
509,CO-TF-FR-T67Y-58,LL TOURING FRAME - YELLOW- 58,200.0,T,2013-07-01,UNKNOWN,CO_TF,FR-T67Y-58,CO_TF,COMPONENTS,TOURING FRAMES,YES
510,CO-TF-FR-T67U-44,LL TOURING FRAME - BLUE- 44,200.0,T,2013-07-01,UNKNOWN,CO_TF,FR-T67U-44,CO_TF,COMPONENTS,TOURING FRAMES,YES
511,CO-MF-FR-M63S-40,ML MOUNTAIN FRAME-W - SILVER- 40,199.0,M,2013-07-01,UNKNOWN,CO_MF,FR-M63S-40,CO_MF,COMPONENTS,MOUNTAIN FRAMES,YES
512,CO-MF-FR-M63S-42,ML MOUNTAIN FRAME-W - SILVER- 42,199.0,M,2013-07-01,UNKNOWN,CO_MF,FR-M63S-42,CO_MF,COMPONENTS,MOUNTAIN FRAMES,YES
513,CO-MF-FR-M63S-46,ML MOUNTAIN FRAME-W - SILVER- 46,199.0,M,2013-07-01,UNKNOWN,CO_MF,FR-M63S-46,CO_MF,COMPONENTS,MOUNTAIN FRAMES,YES
514,CO-BR-RB-9231,REAR BRAKES,47.0,UNKNOWN,2013-07-01,UNKNOWN,CO_BR,RB-9231,CO_BR,COMPONENTS,BRAKES,YES
515,CO-SA-SE-M236,LL MOUNTAIN SEAT/SADDLE,12.0,M,2013-07-01,UNKNOWN,CO_SA,SE-M236,CO_SA,COMPONENTS,SADDLES,NO
516,CO-SA-SE-M798,ML MOUNTAIN SEAT/SADDLE,17.0,M,2013-07-01,UNKNOWN,CO_SA,SE-M798,CO_SA,COMPONENTS,SADDLES,NO
517,CO-SA-SE-M940,HL MOUNTAIN SEAT/SADDLE,23.0,M,2013-07-01,UNKNOWN,CO_SA,SE-M940,CO_SA,COMPONENTS,SADDLES,NO
518,CO-SA-SE-R581,LL ROAD SEAT/SADDLE,12.0,R,2013-07-01,UNKNOWN,CO_SA,SE-R581,CO_SA,COMPONENTS,SADDLES,NO
519,CO-SA-SE-R908,ML ROAD SEAT/SADDLE,17.0,T,2013-07-01,UNKNOWN,CO_SA,SE-R908,CO_SA,COMPONENTS,SADDLES,NO
520,CO-SA-SE-R995,HL ROAD SEAT/SADDLE,23.0,R,2013-07-01,UNKNOWN,CO_SA,SE-R995,CO_SA,COMPONENTS,SADDLES,NO
521,CO-SA-SE-T312,LL TOURING SEAT/SADDLE,12.0,T,2013-07-01,UNKNOWN,CO_SA,SE-T312,CO_SA,COMPONENTS,SADDLES,NO
522,CO-SA-SE-T762,ML TOURING SEAT/SADDLE,17.0,T,2013-07-01,UNKNOWN,CO_SA,SE-T762,CO_SA,COMPONENTS,SADDLES,NO
523,CO-SA-SE-T924,HL TOURING SEAT/SADDLE,23.0,T,2013-07-01,UNKNOWN,CO_SA,SE-T924,CO_SA,COMPONENTS,SADDLES,NO
524,CO-MF-FR-M21S-42,LL MOUNTAIN FRAME - SILVER- 42,145.0,M,2013-07-01,UNKNOWN,CO_MF,FR-M21S-42,CO_MF,COMPONENTS,MOUNTAIN FRAMES,YES
525,CO-MF-FR-M21S-44,LL MOUNTAIN FRAME - SILVER- 44,145.0,M,2013-07-01,UNKNOWN,CO_MF,FR-M21S-44,CO_MF,COMPONENTS,MOUNTAIN FRAMES,YES
526,CO-MF-FR-M21S-48,LL MOUNTAIN FRAME - SILVER- 48,145.0,M,2013-07-01,UNKNOWN,CO_MF,FR-M21S-48,CO_MF,COMPONENTS,MOUNTAIN FRAMES,YES
527,CO-MF-FR-M21S-52,LL MOUNTAIN FRAME - SILVER- 52,145.0,M,2013-07-01,UNKNOWN,CO_MF,FR-M21S-52,CO_MF,COMPONENTS,MOUNTAIN FRAMES,YES
528,AC-TT-TT-M928,MOUNTAIN TIRE TUBE,2.0,M,2013-07-01,UNKNOWN,AC_TT,TT-M928,AC_TT,ACCESSORIES,TIRES AND TUBES,YES
529,AC-TT-TT-R982,ROAD TIRE TUBE,1.0,R,2013-07-01,UNKNOWN,AC_TT,TT-R982,AC_TT,ACCESSORIES,TIRES AND TUBES,YES
530,AC-TT-TT-T092,TOURING TIRE TUBE,2.0,T,2013-07-01,UNKNOWN,AC_TT,TT-T092,AC_TT,ACCESSORIES,TIRES AND TUBES,YES
531,CO-MF-FR-M21B-42,LL MOUNTAIN FRAME - BLACK- 42,137.0,M,2013-07-01,UNKNOWN,CO_MF,FR-M21B-42,CO_MF,COMPONENTS,MOUNTAIN FRAMES,YES
532,CO-MF-FR-M21B-44,LL MOUNTAIN FRAME - BLACK- 44,137.0,M,2013-07-01,UNKNOWN,CO_MF,FR-M21B-44,CO_MF,COMPONENTS,MOUNTAIN FRAMES,YES
533,CO-MF-FR-M21B-48,LL MOUNTAIN FRAME - BLACK- 48,137.0,M,2013-07-01,UNKNOWN,CO_MF,FR-M21B-48,CO_MF,COMPONENTS,MOUNTAIN FRAMES,YES
534,CO-MF-FR-M21B-52,LL MOUNTAIN FRAME - BLACK- 52,137.0,M,2013-07-01,UNKNOWN,CO_MF,FR-M21B-52,CO_MF,COMPONENTS,MOUNTAIN FRAMES,YES
535,AC-TT-TI-M267,LL MOUNTAIN TIRE,9.0,M,2013-07-01,UNKNOWN,AC_TT,TI-M267,AC_TT,ACCESSORIES,TIRES AND TUBES,YES
536,AC-TT-TI-M602,ML MOUNTAIN TIRE,11.0,M,2013-07-01,UNKNOWN,AC_TT,TI-M602,AC_TT,ACCESSORIES,TIRES AND TUBES,YES
537,AC-TT-TI-M823,HL MOUNTAIN TIRE,13.0,M,2013-07-01,UNKNOWN,AC_TT,TI-M823,AC_TT,ACCESSORIES,TIRES AND TUBES,YES
538,AC-TT-TI-R092,LL ROAD TIRE,8.0,R,2013-07-01,UNKNOWN,AC_TT,TI-R092,AC_TT,ACCESSORIES,TIRES AND TUBES,YES
539,AC-TT-TI-R628,ML ROAD TIRE,9.0,R,2013-07-01,UNKNOWN,AC_TT,TI-R628,AC_TT,ACCESSORIES,TIRES AND TUBES,YES
540,AC-TT-TI-R982,HL ROAD TIRE,12.0,R,2013-07-01,UNKNOWN,AC_TT,TI-R982,AC_TT,ACCESSORIES,TIRES AND TUBES,YES
541,AC-TT-TI-T723,TOURING TIRE,11.0,T,2013-07-01,UNKNOWN,AC_TT,TI-T723,AC_TT,ACCESSORIES,TIRES AND TUBES,YES
542,CO-PE-PD-M282,LL MOUNTAIN PEDAL,18.0,M,2013-07-01,UNKNOWN,CO_PE,PD-M282,UNKNOWN,UNKNOWN,UNKNOWN,UNKNOWN
543,CO-PE-PD-M340,ML MOUNTAIN PEDAL,28.0,M,2013-07-01,UNKNOWN,CO_PE,PD-M340,UNKNOWN,UNKNOWN,UNKNOWN,UNKNOWN
544,CO-PE-PD-M562,HL MOUNTAIN PEDAL,36.0,M,2013-07-01,UNKNOWN,CO_PE,PD-M562,UNKNOWN,UNKNOWN,UNKNOWN,UNKNOWN
545,CO-PE-PD-R347,LL ROAD PEDAL,18.0,R,2013-07-01,UNKNOWN,CO_PE,PD-R347,UNKNOWN,UNKNOWN,UNKNOWN,UNKNOWN
546,CO-PE-PD-R563,ML ROAD PEDAL,28.0,R,2013-07-01,UNKNOWN,CO_PE,PD-R563,UNKNOWN,UNKNOWN,UNKNOWN,UNKNOWN
547,CO-PE-PD-R853,HL ROAD PEDAL,36.0,R,2013-07-01,UNKNOWN,CO_PE,PD-R853,UNKNOWN,UNKNOWN,UNKNOWN,UNKNOWN
548,CO-PE-PD-T852,TOURING PEDAL,36.0,T,2013-07-01,UNKNOWN,CO_PE,PD-T852,UNKNOWN,UNKNOWN,UNKNOWN,UNKNOWN
549,CO-MF-FR-M63S-38,ML MOUNTAIN FRAME-W - SILVER- 38,199.0,M,2013-07-01,UNKNOWN,CO_MF,FR-M63S-38,CO_MF,COMPONENTS,MOUNTAIN FRAMES,YES
550,CO-MF-FR-M21B-40,LL MOUNTAIN FRAME - BLACK- 40,137.0,M,2013-07-01,UNKNOWN,CO_MF,FR-M21B-40,CO_MF,COMPONENTS,MOUNTAIN FRAMES,YES
551,CO-MF-FR-M21S-40,LL MOUNTAIN FRAME - SILVER- 40,145.0,M,2013-07-01,UNKNOWN,CO_MF,FR-M21S-40,CO_MF,COMPONENTS,MOUNTAIN FRAMES,YES
552,CO-DE-FD-2342,FRONT DERAILLEUR,41.0,UNKNOWN,2013-07-01,UNKNOWN,CO_DE,FD-2342,CO_DE,COMPONENTS,DERAILLEURS,YES
553,CO-HB-HB-T721,LL TOURING HANDLEBARS,20.0,T,2013-07-01,UNKNOWN,CO_HB,HB-T721,CO_HB,COMPONENTS,HANDLEBARS,NO
554,CO-HB-HB-T928,HL TOURING HANDLEBARS,41.0,T,2013-07-01,UNKNOWN,CO_HB,HB-T928,CO_HB,COMPONENTS,HANDLEBARS,NO
555,CO-BR-FB-9873,FRONT BRAKES,47.0,UNKNOWN,2013-07-01,UNKNOWN,CO_BR,FB-9873,CO_BR,COMPONENTS,BRAKES,YES
556,CO-CS-CS-4759,LL CRANKSET,78.0,UNKNOWN,2013-07-01,UNKNOWN,CO_CS,CS-4759,CO_CS,COMPONENTS,CRANKSETS,YES
557,CO-CS-CS-6583,ML CRANKSET,114.0,UNKNOWN,2013-07-01,UNKNOWN,CO_CS,CS-6583,CO_CS,COMPONENTS,CRANKSETS,YES
558,CO-CS-CS-9183,HL CRANKSET,180.0,UNKNOWN,2013-07-01,UNKNOWN,CO_CS,CS-9183,CO_CS,COMPONENTS,CRANKSETS,YES
559,CO-CH-CH-0234,CHAIN,9.0,UNKNOWN,2013-07-01,UNKNOWN,CO_CH,CH-0234,CO_CH,COMPONENTS,CHAINS,YES
560,BI-TB-BK-T44U-60,TOURING-2000 BLUE- 60,755.0,T,2013-07-01,UNKNOWN,BI_TB,BK-T44U-60,BI_TB,BIKES,TOURING BIKES,YES
561,BI-TB-BK-T79Y-46,TOURING-1000 YELLOW- 46,1482.0,T,2013-07-01,UNKNOWN,BI_TB,BK-T79Y-46,BI_TB,BIKES,TOURING BIKES,YES
562,BI-TB-BK-T79Y-50,TOURING-1000 YELLOW- 50,1482.0,T,2013-07-01,UNKNOWN,BI_TB,BK-T79Y-50,BI_TB,BIKES,TOURING BIKES,YES
563,BI-TB-BK-T79Y-54,TOURING-1000 YELLOW- 54,1482.0,T,2013-07-01,UNKNOWN,BI_TB,BK-T79Y-54,BI_TB,BIKES,TOURING BIKES,YES
564,BI-TB-BK-T79Y-60,TOURING-1000 YELLOW- 60,1482.0,T,2013-07-01,UNKNOWN,BI_TB,BK-T79Y-60,BI_TB,BIKES,TOURING BIKES,YES
565,BI-TB-BK-T18U-54,TOURING-3000 BLUE- 54,461.0,T,2013-07-01,UNKNOWN,BI_TB,BK-T18U-54,BI_TB,BIKES,TOURING BIKES,YES
566,BI-TB-BK-T18U-58,TOURING-3000 BLUE- 58,461.0,T,2013-07-01,UNKNOWN,BI_TB,BK-T18U-58,BI_TB,BIKES,TOURING BIKES,YES
567,BI-TB-BK-T18U-62,TOURING-3000 BLUE- 62,461.0,T,2013-07-01,UNKNOWN,BI_TB,BK-T18U-62,BI_TB,BIKES,TOURING BIKES,YES
568,BI-TB-BK-T18Y-44,TOURING-3000 YELLOW- 44,461.0,T,2013-07-01,UNKNOWN,BI_TB,BK-T18Y-44,BI_TB,BIKES,TOURING BIKES,YES
569,BI-TB-BK-T18Y-50,TOURING-3000 YELLOW- 50,461.0,T,2013-07-01,UNKNOWN,BI_TB,BK-T18Y-50,BI_TB,BIKES,TOURING BIKES,YES
570,BI-TB-BK-T18Y-54,TOURING-3000 YELLOW- 54,461.0,T,2013-07-01,UNKNOWN,BI_TB,BK-T18Y-54,BI_TB,BIKES,TOURING BIKES,YES
571,BI-TB-BK-T18Y-58,TOURING-3000 YELLOW- 58,461.0,T,2013-07-01,UNKNOWN,BI_TB,BK-T18Y-58,BI_TB,BIKES,TOURING BIKES,YES
572,BI-TB-BK-T18Y-62,TOURING-3000 YELLOW- 62,461.0,T,2013-07-01,UNKNOWN,BI_TB,BK-T18Y-62,BI_TB,BIKES,TOURING BIKES,YES
573,BI-TB-BK-T79U-46,TOURING-1000 BLUE- 46,1482.0,T,2013-07-01,UNKNOWN,BI_TB,BK-T79U-46,BI_TB,BIKES,TOURING BIKES,YES
574,BI-TB-BK-T79U-50,TOURING-1000 BLUE- 50,1482.0,T,2013-07-01,UNKNOWN,BI_TB,BK-T79U-50,BI_TB,BIKES,TOURING BIKES,YES
575,BI-TB-BK-T79U-54,TOURING-1000 BLUE- 54,1482.0,T,2013-07-01,UNKNOWN,BI_TB,BK-T79U-54,BI_TB,BIKES,TOURING BIKES,YES
576,BI-TB-BK-T79U-60,TOURING-1000 BLUE- 60,1482.0,T,2013-07-01,UNKNOWN,BI_TB,BK-T79U-60,BI_TB,BIKES,TOURING BIKES,YES
577,BI-TB-BK-T44U-46,TOURING-2000 BLUE- 46,755.0,T,2013-07-01,UNKNOWN,BI_TB,BK-T44U-46,BI_TB,BIKES,TOURING BIKES,YES
578,BI-TB-BK-T44U-50,TOURING-2000 BLUE- 50,755.0,T,2013-07-01,UNKNOWN,BI_TB,BK-T44U-50,BI_TB,BIKES,TOURING BIKES,YES
579,BI-TB-BK-T44U-54,TOURING-2000 BLUE- 54,755.0,T,2013-07-01,UNKNOWN,BI_TB,BK-T44U-54,BI_TB,BIKES,TOURING BIKES,YES
580,BI-RB-BK-R79Y-40,ROAD-350-W YELLOW- 40,1083.0,R,2013-07-01,UNKNOWN,BI_RB,BK-R79Y-40,BI_RB,BIKES,ROAD BIKES,YES
581,BI-RB-BK-R79Y-42,ROAD-350-W YELLOW- 42,1083.0,R,2013-07-01,UNKNOWN,BI_RB,BK-R79Y-42,BI_RB,BIKES,ROAD BIKES,YES
582,BI-RB-BK-R79Y-44,ROAD-350-W YELLOW- 44,1083.0,R,2013-07-01,UNKNOWN,BI_RB,BK-R79Y-44,BI_RB,BIKES,ROAD BIKES,YES
583,BI-RB-BK-R79Y-48,ROAD-350-W YELLOW- 48,1083.0,R,2013-07-01,UNKNOWN,BI_RB,BK-R79Y-48,BI_RB,BIKES,ROAD BIKES,YES
584,BI-RB-BK-R19B-58,ROAD-750 BLACK- 58,344.0,R,2013-07-01,UNKNOWN,BI_RB,BK-R19B-58,BI_RB,BIKES,ROAD BIKES,YES
585,BI-TB-BK-T18U-44,TOURING-3000 BLUE- 44,461.0,T,2013-07-01,UNKNOWN,BI_TB,BK-T18U-44,BI_TB,BIKES,TOURING BIKES,YES
586,BI-TB-BK-T18U-50,TOURING-3000 BLUE- 50,461.0,T,2013-07-01,UNKNOWN,BI_TB,BK-T18U-50,BI_TB,BIKES,TOURING BIKES,YES
587,BI-MB-BK-M38S-38,MOUNTAIN-400-W SILVER- 38,420.0,M,2013-07-01,UNKNOWN,BI_MB,BK-M38S-38,BI_MB,BIKES,MOUNTAIN BIKES,YES
588,BI-MB-BK-M38S-40,MOUNTAIN-400-W SILVER- 40,420.0,M,2013-07-01,UNKNOWN,BI_MB,BK-M38S-40,BI_MB,BIKES,MOUNTAIN BIKES,YES
589,BI-MB-BK-M38S-42,MOUNTAIN-400-W SILVER- 42,420.0,M,2013-07-01,UNKNOWN,BI_MB,BK-M38S-42,BI_MB,BIKES,MOUNTAIN BIKES,YES
590,BI-MB-BK-M38S-46,MOUNTAIN-400-W SILVER- 46,420.0,M,2013-07-01,UNKNOWN,BI_MB,BK-M38S-46,BI_MB,BIKES,MOUNTAIN BIKES,YES
591,BI-MB-BK-M18S-40,MOUNTAIN-500 SILVER- 40,308.0,M,2013-07-01,UNKNOWN,BI_MB,BK-M18S-40,BI_MB,BIKES,MOUNTAIN BIKES,YES
592,BI-MB-BK-M18S-42,MOUNTAIN-500 SILVER- 42,308.0,M,2013-07-01,UNKNOWN,BI_MB,BK-M18S-42,BI_MB,BIKES,MOUNTAIN BIKES,YES
593,BI-MB-BK-M18S-44,MOUNTAIN-500 SILVER- 44,308.0,M,2013-07-01,UNKNOWN,BI_MB,BK-M18S-44,BI_MB,BIKES,MOUNTAIN BIKES,YES
594,BI-MB-BK-M18S-48,MOUNTAIN-500 SILVER- 48,308.0,M,2013-07-01,UNKNOWN,BI_MB,BK-M18S-48,BI_MB,BIKES,MOUNTAIN BIKES,YES
595,BI-MB-BK-M18S-52,MOUNTAIN-500 SILVER- 52,308.0,M,2013-07-01,UNKNOWN,BI_MB,BK-M18S-52,BI_MB,BIKES,MOUNTAIN BIKES,YES
596,BI-MB-BK-M18B-40,MOUNTAIN-500 BLACK- 40,295.0,M,2013-07-01,UNKNOWN,BI_MB,BK-M18B-40,BI_MB,BIKES,MOUNTAIN BIKES,YES
597,BI-MB-BK-M18B-42,MOUNTAIN-500 BLACK- 42,295.0,M,2013-07-01,UNKNOWN,BI_MB,BK-M18B-42,BI_MB,BIKES,MOUNTAIN BIKES,YES
598,BI-MB-BK-M18B-44,MOUNTAIN-500 BLACK- 44,295.0,M,2013-07-01,UNKNOWN,BI_MB,BK-M18B-44,BI_MB,BIKES,MOUNTAIN BIKES,YES
599,BI-MB-BK-M18B-48,MOUNTAIN-500 BLACK- 48,295.0,M,2013-07-01,UNKNOWN,BI_MB,BK-M18B-48,BI_MB,BIKES,MOUNTAIN BIKES,YES
600,BI-MB-BK-M18B-52,MOUNTAIN-500 BLACK- 52,295.0,M,2013-07-01,UNKNOWN,BI_MB,BK-M18B-52,BI_MB,BIKES,MOUNTAIN BIKES,YES
601,CO-BB-BB-7421,LL BOTTOM BRACKET,24.0,UNKNOWN,2013-07-01,UNKNOWN,CO_BB,BB-7421,CO_BB,COMPONENTS,BOTTOM BRACKETS,YES
602,CO-BB-BB-8107,ML BOTTOM BRACKET,45.0,UNKNOWN,2013-07-01,UNKNOWN,CO_BB,BB-8107,CO_BB,COMPONENTS,BOTTOM BRACKETS,YES
603,CO-BB-BB-9108,HL BOTTOM BRACKET,54.0,UNKNOWN,2013-07-01,UNKNOWN,CO_BB,BB-9108,CO_BB,COMPONENTS,BOTTOM BRACKETS,YES
604,BI-RB-BK-R19B-44,ROAD-750 BLACK- 44,344.0,R,2013-07-01,UNKNOWN,BI_RB,BK-R19B-44,BI_RB,BIKES,ROAD BIKES,YES
605,BI-RB-BK-R19B-48,ROAD-750 BLACK- 48,344.0,R,2013-07-01,UNKNOWN,BI_RB,BK-R19B-48,BI_RB,BIKES,ROAD BIKES,YES
606,BI-RB-BK-R19B-52,ROAD-750 BLACK- 52,344.0,R,2013-07-01,UNKNOWN,BI_RB,BK-R19B-52,BI_RB,BIKES,ROAD BIKES,YES
